{"data_time": 0.008628246374428272, "eta_seconds": 74.76826693862677, "fast_rcnn/cls_accuracy": 0.447265625, "fast_rcnn/false_negative": 0.453125, "fast_rcnn/fg_cls_accuracy": 0.546875, "iteration": 19, "loss_box_reg": 0.6735883057117462, "loss_cls": 0.7055988013744354, "loss_mask": 0.6922385990619659, "loss_rpn_cls": 2.0910881757736206, "loss_rpn_loc": 0.15303515642881393, "lr": 1.60675e-05, "mask_rcnn/accuracy": 0.6382187760308204, "mask_rcnn/false_negative": 0.051058442236494764, "mask_rcnn/false_positive": 0.8551010418543098, "rank_data_time": 0.008628246374428272, "roi_head/num_bg_samples": 96.0, "roi_head/num_fg_samples": 32.0, "rpn/num_neg_anchors": 156.25, "rpn/num_pos_anchors": 99.75, "time": 0.2670295247808099, "total_loss": 4.348724074661732}
{"data_time": 0.012826254591345787, "eta_seconds": 66.1346316896379, "fast_rcnn/cls_accuracy": 0.751953125, "fast_rcnn/false_negative": 0.84375, "fast_rcnn/fg_cls_accuracy": 0.15625, "iteration": 39, "loss_box_reg": 0.6921808123588562, "loss_cls": 0.615507036447525, "loss_mask": 0.6631125211715698, "loss_rpn_cls": 0.28688952326774597, "loss_rpn_loc": 0.114479910582304, "lr": 3.2717500000000007e-05, "mask_rcnn/accuracy": 0.7104292889030612, "mask_rcnn/false_negative": 0.0, "mask_rcnn/false_positive": 0.8854356127826793, "rank_data_time": 0.012826254591345787, "roi_head/num_bg_samples": 96.0, "roi_head/num_fg_samples": 32.0, "rpn/num_neg_anchors": 157.25, "rpn/num_pos_anchors": 98.75, "time": 0.2397555597126484, "total_loss": 2.3730793595314026}
{"data_time": 0.009118540212512016, "eta_seconds": 57.041225507855415, "fast_rcnn/cls_accuracy": 0.75, "fast_rcnn/false_negative": 1.0, "fast_rcnn/fg_cls_accuracy": 0.0, "iteration": 59, "loss_box_reg": 0.7483905255794525, "loss_cls": 0.5310162007808685, "loss_mask": 0.5884077847003937, "loss_rpn_cls": 0.09315694868564606, "loss_rpn_loc": 0.09392295777797699, "lr": 4.93675e-05, "mask_rcnn/accuracy": 0.7275789221938775, "mask_rcnn/false_negative": 0.0, "mask_rcnn/false_positive": 0.8398507438521308, "rank_data_time": 0.009118540212512016, "roi_head/num_bg_samples": 96.0, "roi_head/num_fg_samples": 32.0, "rpn/num_neg_anchors": 160.5, "rpn/num_pos_anchors": 95.5, "time": 0.21999433171004057, "total_loss": 2.0812481231987476}
{"data_time": 0.008283293806016445, "eta_seconds": 52.287790048867464, "fast_rcnn/cls_accuracy": 0.75, "fast_rcnn/false_negative": 1.0, "fast_rcnn/fg_cls_accuracy": 0.0, "iteration": 79, "loss_box_reg": 0.7689113020896912, "loss_cls": 0.4671480506658554, "loss_mask": 0.49818864464759827, "loss_rpn_cls": 0.08552677184343338, "loss_rpn_loc": 0.10305451974272728, "lr": 6.60175e-05, "mask_rcnn/accuracy": 0.7476781728316326, "mask_rcnn/false_negative": 5.7810790244802786e-05, "mask_rcnn/false_positive": 0.825510000340445, "rank_data_time": 0.008283293806016445, "roi_head/num_bg_samples": 96.0, "roi_head/num_fg_samples": 32.0, "rpn/num_neg_anchors": 158.25, "rpn/num_pos_anchors": 97.75, "time": 0.23955515213310719, "total_loss": 1.9227751642465591}
{"data_time": 0.008106955327093601, "eta_seconds": 46.45057134330273, "fast_rcnn/cls_accuracy": 0.7578125, "fast_rcnn/false_negative": 0.96875, "fast_rcnn/fg_cls_accuracy": 0.03125, "iteration": 99, "loss_box_reg": 0.7226970195770264, "loss_cls": 0.4310296028852463, "loss_mask": 0.41532936692237854, "loss_rpn_cls": 0.08193085342645645, "loss_rpn_loc": 0.1065216138958931, "lr": 8.266750000000001e-05, "mask_rcnn/accuracy": 0.7685646524234694, "mask_rcnn/false_negative": 0.00013258831081486075, "mask_rcnn/false_positive": 0.7806700132341802, "rank_data_time": 0.008106955327093601, "roi_head/num_bg_samples": 96.0, "roi_head/num_fg_samples": 32.0, "rpn/num_neg_anchors": 151.0, "rpn/num_pos_anchors": 105.0, "time": 0.21854055486619473, "total_loss": 1.7815744169056416}
{"data_time": 0.016502127051353455, "eta_seconds": 42.10016442462802, "fast_rcnn/cls_accuracy": 0.79296875, "fast_rcnn/false_negative": 0.75, "fast_rcnn/fg_cls_accuracy": 0.25, "iteration": 119, "loss_box_reg": 0.7077171206474304, "loss_cls": 0.39256763458251953, "loss_mask": 0.3709682673215866, "loss_rpn_cls": 0.07414613664150238, "loss_rpn_loc": 0.07722137123346329, "lr": 9.93175e-05, "mask_rcnn/accuracy": 0.7862324617346939, "mask_rcnn/false_negative": 0.00026147621993341226, "mask_rcnn/false_positive": 0.7030032510478575, "rank_data_time": 0.016502127051353455, "roi_head/num_bg_samples": 96.0, "roi_head/num_fg_samples": 32.0, "rpn/num_neg_anchors": 164.75, "rpn/num_pos_anchors": 91.25, "time": 0.24765994306653738, "total_loss": 1.6018418073654175}
{"data_time": 0.012560462579131126, "eta_seconds": 36.904191970825195, "fast_rcnn/cls_accuracy": 0.84765625, "fast_rcnn/false_negative": 0.5234375, "fast_rcnn/fg_cls_accuracy": 0.4765625, "iteration": 139, "loss_box_reg": 0.6873883306980133, "loss_cls": 0.34646059572696686, "loss_mask": 0.34126555919647217, "loss_rpn_cls": 0.0697898231446743, "loss_rpn_loc": 0.08668183162808418, "lr": 0.0001159675, "mask_rcnn/accuracy": 0.8255241549744898, "mask_rcnn/false_negative": 0.0008649429974805229, "mask_rcnn/false_positive": 0.5552081976002955, "rank_data_time": 0.012560462579131126, "roi_head/num_bg_samples": 96.0, "roi_head/num_fg_samples": 32.0, "rpn/num_neg_anchors": 164.0, "rpn/num_pos_anchors": 92.0, "time": 0.19702293816953897, "total_loss": 1.526224385946989}
{"data_time": 0.008783659897744656, "eta_seconds": 31.86662085354328, "fast_rcnn/cls_accuracy": 0.8671875, "fast_rcnn/false_negative": 0.4143273305084746, "fast_rcnn/fg_cls_accuracy": 0.5856726694915254, "iteration": 159, "loss_box_reg": 0.6469394564628601, "loss_cls": 0.3185137063264847, "loss_mask": 0.302506685256958, "loss_rpn_cls": 0.06676257029175758, "loss_rpn_loc": 0.07765444368124008, "lr": 0.0001326175, "mask_rcnn/accuracy": 0.8699577487244898, "mask_rcnn/false_negative": 0.0043360751193407335, "mask_rcnn/false_positive": 0.3965205914310106, "rank_data_time": 0.008783659897744656, "roi_head/num_bg_samples": 96.0, "roi_head/num_fg_samples": 32.0, "rpn/num_neg_anchors": 169.25, "rpn/num_pos_anchors": 86.75, "time": 0.2165686795488, "total_loss": 1.4231583066284657}
{"data_time": 0.01139977015554905, "eta_seconds": 27.31424644589424, "fast_rcnn/cls_accuracy": 0.890625, "fast_rcnn/false_negative": 0.3125, "fast_rcnn/fg_cls_accuracy": 0.6875, "iteration": 179, "loss_box_reg": 0.560060977935791, "loss_cls": 0.28874124586582184, "loss_mask": 0.2643081098794937, "loss_rpn_cls": 0.056931331753730774, "loss_rpn_loc": 0.08303617686033249, "lr": 0.0001492675, "mask_rcnn/accuracy": 0.9005799585459183, "mask_rcnn/false_negative": 0.012710489166226534, "mask_rcnn/false_positive": 0.2564800933377742, "rank_data_time": 0.01139977015554905, "roi_head/num_bg_samples": 96.0, "roi_head/num_fg_samples": 32.0, "rpn/num_neg_anchors": 157.25, "rpn/num_pos_anchors": 98.75, "time": 0.23876383434981108, "total_loss": 1.289326610043645}
{"data_time": 0.01066670287400484, "eta_seconds": 22.885804809629917, "fast_rcnn/cls_accuracy": 0.888671875, "fast_rcnn/false_negative": 0.2734375, "fast_rcnn/fg_cls_accuracy": 0.7265625, "iteration": 199, "loss_box_reg": 0.4939783811569214, "loss_cls": 0.26964738965034485, "loss_mask": 0.22830780595541, "loss_rpn_cls": 0.041093870997428894, "loss_rpn_loc": 0.07778485119342804, "lr": 0.0001659175, "mask_rcnn/accuracy": 0.9184470663265306, "mask_rcnn/false_negative": 0.02599935586450126, "mask_rcnn/false_positive": 0.180001273901994, "rank_data_time": 0.01066670287400484, "roi_head/num_bg_samples": 96.0, "roi_head/num_fg_samples": 32.0, "rpn/num_neg_anchors": 160.5, "rpn/num_pos_anchors": 95.5, "time": 0.2329924777150154, "total_loss": 1.1293048784136772}
{"data_time": 0.01198112778365612, "eta_seconds": 18.03351119160652, "fast_rcnn/cls_accuracy": 0.888671875, "fast_rcnn/false_negative": 0.25, "fast_rcnn/fg_cls_accuracy": 0.75, "iteration": 219, "loss_box_reg": 0.41961121559143066, "loss_cls": 0.25410468876361847, "loss_mask": 0.2010304182767868, "loss_rpn_cls": 0.051225244998931885, "loss_rpn_loc": 0.08104908093810081,