model,precision,recall,precision_macro,recall_macro,accuracy,precision_per_class,recall_per_class,confusion_matrix
alexnet,0.9154716981132076,0.9154716981132076,0.8698392303817151,0.9138580620378374,0.9154716981132076,[0.91374828 0.73579244 0.95997697],[0.96629213 0.88461538 0.89066667],"[[ 86.    0.4   2.6]
 [  0.   23.    3. ]
 [  8.2   8.2 133.6]]"
resnet34,0.8716981132075471,0.8716981132075471,0.797534236544194,0.8726334389705176,0.8716981132075471,[0.91916583 0.52356532 0.94987156],[0.96179775 0.83076923 0.82533333],"[[ 85.6   0.6   2.8]
 [  0.6  21.6   3.8]
 [  7.   19.2 123.8]]"
efficientnet_b0,0.7554716981132076,0.7554716981132076,0.6984395541305215,0.7844774800729857,0.7554716981132076,[0.85096679 0.33537234 0.90897953],[0.9258427  0.77692308 0.65066667],"[[82.4  2.   4.6]
 [ 0.6 20.2  5.2]
 [14.  38.4 97.6]]"
efficientnet_b1,0.8211320754716983,0.8211320754716983,0.7365227509095814,0.7883284356093345,0.8211320754716983,[0.91090359 0.38287104 0.91579362],[0.93483146 0.64615385 0.784     ],"[[ 83.2   2.8   3. ]
 [  1.4  16.8   7.8]
 [  6.8  25.6 117.6]]"
